date,match,pr,result,score
23.11.2019 20:00,KONYASPOR-BEŞİKTAŞ A.Ş.,22.11.2019 - 25.11.2019,2,0 - 1
24.11.2019 19:00,Y.MALATYASPOR-FENERBAHÇE A.Ş.,22.11.2019 - 25.11.2019,0,0 - 0
22.11.2019 20:30,GALATASARAY A.Ş.-M.BAŞAKŞEHİR,22.11.2019 - 25.11.2019,2,0 - 1
23.11.2019 17:30,MKE ANKARAGÜCÜ-TRABZONSPOR A.Ş.,22.11.2019 - 25.11.2019,2,0 - 3
23.11.2019 15:00,DENİZLİSPOR-Ç.RİZESPOR A.Ş.,22.11.2019 - 25.11.2019,1,2 - 0
24.11.2019 14:00,KAYSERİSPOR-SİVASSPOR,22.11.2019 - 25.11.2019,2,1 - 4
24.11.2019 16:30,A.ALANYASPOR-GÖZTEPE A.Ş.,22.11.2019 - 25.11.2019,2,0 - 1
24.11.2019 16:30,KASIMPAŞA A.Ş.-GENÇLERBİRLİĞİ,22.11.2019 - 25.11.2019,2,1 - 2
25.11.2019 20:00,ANTALYASPOR A.Ş.-GAZİANTEP FK A.Ş.,22.11.2019 - 25.11.2019,0,1 - 1
23.11.2019 15:30,WEST HAM UNITED-TOTTENHAM,22.11.2019 - 25.11.2019,2,2 - 3
23.11.2019 17:30,WERDER BREMEN-SCHALKE,22.11.2019 - 25.11.2019,2,1 - 2
23.11.2019 20:00,AC MILAN-NAPOLI,22.11.2019 - 25.11.2019,0,1 - 1
23.11.2019 20:30,MANCHESTER CITY-CHELSEA,22.11.2019 - 25.11.2019,1,2 - 1
23.11.2019 23:00,REAL MADRID-REAL SOCIEDAD,22.11.2019 - 25.11.2019,1,3 - 1
24.11.2019 17:00,BORDEAUX-MONACO,22.11.2019 - 25.11.2019,1,2 - 1
27.09.2019 20:30,M.BAŞAKŞEHİR-Ç.RİZESPOR,27.09.2019 - 30.09.2019,1,5 - 0
28.09.2019 15:00,DENİZLİSPOR-KASIMPAŞA A.Ş.,27.09.2019 - 30.09.2019,2,0 - 1
28.09.2019 17:30,A.ALANYASPOR-SİVASSPOR,27.09.2019 - 30.09.2019,0,1 - 1
28.09.2019 20:00,GALATASARAY A.Ş.-FENERBAHÇE A.Ş.,27.09.2019 - 30.09.2019,0,0 - 0
29.09.2019 14:00,KONYASPOR-KAYSERİSPOR,27.09.2019 - 30.09.2019,1,2 - 1
29.09.2019 16:30,ANTALYASPOR A.Ş.-YENİ MALATYASPOR,27.09.2019 - 30.09.2019,1,3 - 0
29.09.2019 16:30,MKE ANKARAGÜCÜ-GENÇLERBİRLİĞİ,27.09.2019 - 30.09.2019,1,2 - 1
29.09.2019 19:00,TRABZONSPOR A.Ş.-BEŞİKTAŞ A.Ş.,27.09.2019 - 30.09.2019,1,4 - 1
30.09.2019 20:00,GAZİŞEHİR GAZİANTEP-GÖZTEPE A.Ş.,27.09.2019 - 30.09.2019,0,1 - 1
28.09.2019 19:30,EVERTON-MANCHESTER CİTY,27.09.2019 - 30.09.2019,2,1 - 3
28.09.2019 22:00,A.MADRİD-REAL MADRİD,27.09.2019 - 30.09.2019,0,0 - 0
28.09.2019 17:00,GETAFE-BARCELONA,27.09.2019 - 30.09.2019,2,0 - 2
28.09.2019 16:30,PADERBORN 07-B.MÜNİH,27.09.2019 - 30.09.2019,2,2 - 3
29.09.2019 21:45,MİLAN-FİORENTİNA,27.09.2019 - 30.09.2019,2,1 - 3
30.09.2019 22:00,MANCHESTER UNİTED-ARSENAL,27.09.2019 - 30.09.2019,0,1 - 1
02.11.2019 20:00,ANTALYASPOR A.Ş.-BEŞİKTAŞ A.Ş.,01.11.2019 - 04.11.2019,2,1 - 2
10.11.2019 19:00,BEŞİKTAŞ A.Ş.-DENİZLİSPOR,08.11.2019 - 10.11.2019,1,1 - 0
17.11.2019 22:45,ANDORRA-TÜRKİYE,15.11.2019 - 18.11.2019,2,0 - 2
26.10.2019 20:00,FENERBAHÇE A.Ş.-KONYASPOR,25.10.2019 - 28.10.2019,1,5 - 1
03.11.2019 19:00,KAYSERİSPOR-FENERBAHÇE A.Ş.,01.11.2019 - 04.11.2019,1,1 - 0
01.11.2019 20:30,GALATASARAY A.Ş.-Ç.RİZESPOR A.Ş.,01.11.2019 - 04.11.2019,1,2 - 0
02.11.2019 17:30,TRABZONSPOR A.Ş.-GÖZTEPE A.Ş.,01.11.2019 - 04.11.2019,2,0 - 1
02.11.2019 17:30,A.ALANYASPOR-M. BAŞAKŞEHİR,01.11.2019 - 04.11.2019,0,0 - 0
03.11.2019 14:00,DENİZLİSPOR-SİVASSPOR,01.11.2019 - 04.11.2019,2,0 - 2
02.11.2019 15:00,KONYASPOR-GENÇLERBİRLİĞİ,01.11.2019 - 04.11.2019,0,1 - 1
03.11.2019 16:30,KASIMPAŞA A.Ş.-Y.MALATYASPOR,01.11.2019 - 04.11.2019,0,2 - 2
04.11.2019 20:00,MKE ANKARAGÜCÜ-GAZİANTEP FK A.Ş.,01.11.2019 - 04.11.2019,2,1 - 2
03.11.2019 19:30,EVERTON-TOTTENHAM,01.11.2019 - 04.11.2019,0,1 - 1
02.11.2019 19:30,MARSİLYA-LILLE,01.11.2019 - 04.11.2019,1,2 - 1
02.11.2019 17:30,LEVERKUSEN-M.GLADBACH,01.11.2019 - 04.11.2019,2,1 - 2
02.11.2019 17:00,ROMA-NAPOLI,01.11.2019 - 04.11.2019,1,2 - 1
03.11.2019 22:45,AC MILAN-LAZIO,01.11.2019 - 04.11.2019,2,1 - 2
02.11.2019 20:30,SEVILLA-ATL.MADRID,01.11.2019 - 04.11.2019,0,1 - 1
08.11.2019 20:30,FENERBAHÇE A.Ş.-KASIMPAŞA A.Ş.,08.11.2019 - 10.11.2019,1,3 - 2
09.11.2019 20:00,GAZİANTEP FK A.Ş.-GALATASARAY A.Ş.,08.11.2019 - 10.11.2019,2,0 - 2
10.11.2019 16:30,TRABZONSPOR A.Ş.-A.ALANYASPOR,08.11.2019 - 10.11.2019,1,1 - 0
09.11.2019 15:00,GENÇLERBİRLİĞİ-KAYSERİSPOR,08.11.2019 - 10.11.2019,1,2 - 1
09.11.2019 17:30,Ç.RİZESPOR A.Ş.-ANTALYASPOR A.Ş.,08.11.2019 - 10.11.2019,1,1 - 0
09.11.2019 17:30,SİVASSPOR-KONYASPOR,08.11.2019 - 10.11.2019,1,2 - 0
10.11.2019 14:00,GÖZTEPE A.Ş.-Y.MALATYASPOR,08.11.2019 - 10.11.2019,0,1 - 1
10.11.2019 19:00,M.BAŞAKŞEHİR-MKE ANKARAGÜCÜ,08.11.2019 - 10.11.2019,1,2 - 1
09.11.2019 20:30,B.MÜNİH-DORTMUND,08.11.2019 - 10.11.2019,1,4 - 0
09.11.2019 20:30,LEICESTER CITY-ARSENAL,08.11.2019 - 10.11.2019,1,2 - 0
10.11.2019 19:30,LIVERPOOL-MANCHESTER CITY,08.11.2019 - 10.11.2019,1,3 - 1
10.11.2019 22:45,JUVENTUS-AC MILAN,08.11.2019 - 10.11.2019,1,1 - 0
10.11.2019 23:00,MARSİLYA-LYON,08.11.2019 - 10.11.2019,1,2 - 1
10.11.2019 23:00,REAL BETIS-SEVILLA,08.11.2019 - 10.11.2019,2,1 - 2
15.11.2019 22:45,İSVİÇRE-GÜRCİSTAN,15.11.2019 - 18.11.2019,1,1 - 0
15.11.2019 22:45,ROMANYA-İSVEÇ,15.11.2019 - 18.11.2019,2,0 - 2
15.11.2019 22:45,BOSNA HERSEK-İTALYA,15.11.2019 - 18.11.2019,2,0 - 3
16.11.2019 20:00,AZERBAYCAN-GALLER,15.11.2019 - 18.11.2019,2,0 - 2
16.11.2019 20:00,RUSYA-BELÇİKA,15.11.2019 - 18.11.2019,2,1 - 4
16.11.2019 22:45,ALMANYA-BELARUS,15.11.2019 - 18.11.2019,1,4 - 0
16.11.2019 22:45,KUZEY İRLANDA-HOLLANDA,15.11.2019 - 18.11.2019,0,0 - 0
16.11.2019 22:45,HIRVATİSTAN-SLOVAKYA,15.11.2019 - 18.11.2019,1,3 - 1
16.11.2019 22:45,AVUSTURYA-K.MAKEDONYA CUM.,15.11.2019 - 18.11.2019,1,2 - 1
17.11.2019 17:00,SIRBİSTAN-UKRAYNA,15.11.2019 - 18.11.2019,0,2 - 2
17.11.2019 20:00,BULGARİSTAN-ÇEKYA,15.11.2019 - 18.11.2019,1,1 - 0
17.11.2019 22:45,ARNAVUTLUK-FRANSA,15.11.2019 - 18.11.2019,2,0 - 2
18.11.2019 22:45,İRLANDA-DANİMARKA,15.11.2019 - 18.11.2019,0,1 - 1
18.11.2019 22:45,YUNANİSTAN-FİNLANDİYA,15.11.2019 - 18.11.2019,1,2 - 1
27.10.2019 19:00,BEŞİKTAŞ A.Ş.-GALATASARAY A.Ş.,25.10.2019 - 28.10.2019,1,1 - 0
28.10.2019 20:00,M.BAŞAKŞEHİR-TRABZONSPOR A.Ş.,25.10.2019 - 28.10.2019,0,2 - 2
25.10.2019 20:30,Ç.RİZESPOR A.Ş.-MKE ANKARAGÜCÜ,25.10.2019 - 28.10.2019,1,2 - 0
26.10.2019 15:00,SİVASSPOR-ANTALYASPOR A.Ş.,25.10.2019 - 28.10.2019,1,2 - 1
26.10.2019 17:30,GAZİANTEP A.Ş.-A.ALANYASPOR,25.10.2019 - 28.10.2019,0,1 - 1
27.10.2019 14:00,YENİ MALATYASPOR-KAYSERİSPOR,25.10.2019 - 28.10.2019,1,4 - 0
27.10.2019 16:30,GENÇLERBİRLİĞİ-DENİZLİSPOR,25.10.2019 - 28.10.2019,2,0 - 2
27.10.2019 16:30,GÖZTEPE A.Ş.-KASIMPAŞA A.Ş.,25.10.2019 - 28.10.2019,2,1 - 4
27.10.2019 23:00,PARİS SAİNT GERMAİN-MARSİLYA,25.10.2019 - 28.10.2019,1,4 - 0
26.10.2019 22:00,ATL.MADRİD-ATH.BİLBAO,25.10.2019 - 28.10.2019,1,2 - 0
26.10.2019 16:30,SCHALKE-B.DORTMUND,25.10.2019 - 28.10.2019,0,0 - 0
27.10.2019 20:00,ROMA-MİLAN,25.10.2019 - 28.10.2019,1,2 - 1
27.10.2019 22:45,FIORENTINA-LAZİO,25.10.2019 - 28.10.2019,2,1 - 2
27.10.2019 19:30,LIVERPOOL-TOTTENHAM,25.10.2019 - 28.10.2019,1,2 - 1
11.10.2019 21:45,TÜRKİYE-ARNAVUTLUK,10.10.2019 - 13.10.2019,1,1 - 0
18.10.2019 20:30,GALATASARAY A.Ş.-SİVASSPOR,18.10.2019 - 21.10.2019,1,3 - 2
04.10.2019 20:30,YENİ MALATYASPOR-DENİZLİSPOR,04.10.2019 - 06.10.2019,1,5 - 1
20.09.2019 20:30,GÖZTEPE A.Ş.-KONYASPOR,20.09.2019 - 23.09.2019,1,1 - 0
25.08.2019 21:45,Galatasaray - Konyaspor,23.08.2019 - 27.08.2019,0,1 - 1
10.10.2019 21:45,RUSYA-İSKOÇYA,10.10.2019 - 13.10.2019,1,4 - 0
11.10.2019 21:45,ÇEKYA-İNGİLTERE,10.10.2019 - 13.10.2019,1,2 - 1
11.10.2019 21:45,İZLANDA-FRANSA,10.10.2019 - 13.10.2019,2,0 - 1
12.10.2019 19:00,DANİMARKA-İSVİÇRE,10.10.2019 - 13.10.2019,1,1 - 0
12.10.2019 21:45,İTALYA-YUNANİSTAN,10.10.2019 - 13.10.2019,1,2 - 0
12.10.2019 21:45,NORVEÇ-İSPANYA,10.10.2019 - 13.10.2019,0,1 - 1
13.10.2019 21:45,GALLER-HIRVATİSTAN,10.10.2019 - 13.10.2019,0,1 - 1
12.10.2019 19:00,BOSNA HERSEK-FİNLANDİYA,10.10.2019 - 13.10.2019,1,4 - 1
13.10.2019 19:00,BELARUS-HOLLANDA,10.10.2019 - 13.10.2019,2,1 - 2
11.10.2019 21:45,UKRAYNA-LİTVANYA,10.10.2019 - 13.10.2019,1,2 - 0
12.10.2019 21:45,MALTA-İSVEÇ,10.10.2019 - 13.10.2019,2,0 - 4
13.10.2019 21:45,SLOVENYA-AVUSTURYA,10.10.2019 - 13.10.2019,2,0 - 1
13.10.2019 19:00,MACARİSTAN-AZERBAYCAN,10.10.2019 - 13.10.2019,1,1 - 0
13.10.2019 21:45,ESTONYA-ALMANYA,10.10.2019 - 13.10.2019,2,0 - 3
19.10.2019 20:00,MKE ANKARAGÜCÜ-BEŞİKTAŞ A.Ş.,18.10.2019 - 21.10.2019,0,0 - 0
20.10.2019 19:00,DENİZLİSPOR-FENERBAHÇE A.Ş.,18.10.2019 - 21.10.2019,2,1 - 2
19.10.2019 17:30,TRABZONSPOR A.Ş.-GAZİANTEP A.Ş.,18.10.2019 - 21.10.2019,1,4 - 1
19.10.2019 15:00,ANTALYASPOR A.Ş.-GENÇLERBİRLİĞİ,18.10.2019 - 21.10.2019,2,0 - 6
19.10.2019 17:30,M.BAŞAKŞEHİR-GÖZTEPE A.Ş.,18.10.2019 - 21.10.2019,1,2 - 1
20.10.2019 14:00,KAYSERİSPOR-KASIMPAŞA A.Ş.,18.10.2019 - 21.10.2019,0,1 - 1
20.10.2019 16:30,A.ALANYASPOR-Ç.RİZESPOR A.Ş.,18.10.2019 - 21.10.2019,1,5 - 2
21.10.2019 20:00,KONYASPOR-YENİ MALATYASPOR,18.10.2019 - 21.10.2019,2,0 - 2
20.10.2019 18:30,MANCHESTER UNİTED-LİVERPOOL,18.10.2019 - 21.10.2019,0,1 - 1
19.10.2019 17:00,CHELSEA-NEWCASTLE UNİTED,18.10.2019 - 21.10.2019,1,1 - 0
19.10.2019 17:00,ATLETİCO MADRİD-VALENCİA,18.10.2019 - 21.10.2019,0,1 - 1
19.10.2019 16:30,AUGSBURG-B.MÜNİH,18.10.2019 - 21.10.2019,0,2 - 2
19.10.2019 21:45,JUVENTUS-BOLOGNA,18.10.2019 - 21.10.2019,1,2 - 1
18.10.2019 21:45,NİCE-PARİS SAİNT GERMAİN,18.10.2019 - 21.10.2019,2,1 - 4
04.10.2019 20:30,FENERBAHÇE A.Ş.-ANTALYASPOR A.Ş.,04.10.2019 - 06.10.2019,2,0 - 1
05.10.2019 15:00,KASIMPAŞA A.Ş.-KONYASPOR,04.10.2019 - 06.10.2019,2,1 - 4
05.10.2019 17:30,GÖZTEPE A.Ş.-KAYSERİSPOR,04.10.2019 - 06.10.2019,1,4 - 0
05.10.2019 20:00,GENÇLERBİRLİĞİ-GALATASARAY A.Ş.,04.10.2019 - 06.10.2019,0,0 - 0
06.10.2019 14:00,SİVASSPOR-MKE ANKARAGÜCÜ,04.10.2019 - 06.10.2019,1,3 - 1
06.10.2019 16:30,BEŞİKTAŞ A.Ş.-ALANYASPOR,04.10.2019 - 06.10.2019,1,2 - 0
06.10.2019 19:00,GAZİŞEHİR GAZİANTEP-M.BAŞAKŞEHİR,04.10.2019 - 06.10.2019,2,1 - 2
06.10.2019 19:00,Ç.RİZESPOR A.Ş.-TRABZONSPOR A.Ş.,04.10.2019 - 06.10.2019,2,1 - 2
05.10.2019 17:00,LİVERPOOL-LEİCESTER CİTY,04.10.2019 - 06.10.2019,1,2 - 1
06.10.2019 18:30,NEWCASTLE UNİTED-MANCHESTER UNİTED,04.10.2019 - 06.10.2019,1,1 - 0
06.10.2019 21:45,İNTER-JUVENTUS,04.10.2019 - 06.10.2019,2,1 - 2
05.10.2019 17:00,REAL MADRİD-GRANADA,04.10.2019 - 06.10.2019,1,4 - 2
06.10.2019 22:00,BARCELONA-SEVİLLA,04.10.2019 - 06.10.2019,1,4 - 0
05.10.2019 16:30,B.MÜNİH-HOFFENHEİM,04.10.2019 - 06.10.2019,2,1 - 2
21.09.2019 15:00,KASIMPAŞA A.Ş.-ANTALYASPOR A.Ş.,20.09.2019 - 23.09.2019,1,3 - 0
21.09.2019 17:30,KAYSERİSPOR-DENİZLİSPOR,20.09.2019 - 23.09.2019,0,1 - 1
21.09.2019 20:00,FENERBAHÇE A.Ş.-MKE ANKARAGÜCÜ,20.09.2019 - 23.09.2019,1,2 - 1
22.09.2019 14:00,Ç.RİZESPOR A.Ş.-GAZİŞEHİR GAZİANTEP,20.09.2019 - 23.09.2019,2,1 - 2
22.09.2019 16:30,GENÇLERBİRLİĞİ-ALANYASPOR,20.09.2019 - 23.09.2019,0,1 - 1
22.09.2019 19:00,Y.MALATYASPOR-GALATASARAY A.Ş.,20.09.2019 - 23.09.2019,0,1 - 1
23.09.2019 20:00,BEŞİKTAŞ A.Ş.-M.BAŞAKŞEHİR,20.09.2019 - 23.09.2019,0,1 - 1
23.09.2019 20:00,SİVASSPOR-TRABZONSPOR A.Ş.,20.09.2019 - 23.09.2019,1,2 - 1
21.09.2019 14:30,LEİCESTER CİTY-TOTTENHAM,20.09.2019 - 23.09.2019,1,2 - 1
21.09.2019 21:45,AC MİLAN-İNTER,20.09.2019 - 23.09.2019,2,0 - 2
22.09.2019 18:30,CHELSEA-LİVERPOOL,20.09.2019 - 23.09.2019,2,1 - 2
22.09.2019 19:00,E.FRANKFURT-B.DORTMUND,20.09.2019 - 23.09.2019,0,2 - 2
22.09.2019 22:00,O.LYON-PARİS ST GERMAİN,20.09.2019 - 23.09.2019,2,0 - 1
22.09.2019 22:00,SEVİLLA-REAL MADRİD,20.09.2019 - 23.09.2019,2,0 - 1
23.08.2019 20:30,Beşiktaş - Göztepe,23.08.2019 - 27.08.2019,1,3 - 0
24.08.2019 21:45,İst.Başakşehir - Fenerbahçe,23.08.2019 - 27.08.2019,2,1 - 2
25.08.2019 19:15,Trabzonspor - Y.Malatyaspor,23.08.2019 - 27.08.2019,1,2 - 1
24.08.2019 19:15,Ankaragücü - Kayserispor,23.08.2019 - 27.08.2019,0,1 - 1
24.08.2019 21:45,Alanyaspor - Kasımpaşa,23.08.2019 - 27.08.2019,1,4 - 1
25.08.2019 21:45,Antalyaspor - Denizlispor,23.08.2019 - 27.08.2019,2,0 - 2
25.08.2019 19:15,Rizespor - Sivasspor,23.08.2019 - 27.08.2019,1,2 - 1
26.08.2019 20:00,G.Gaziantep - Gençlerbirliği,23.08.2019 - 27.08.2019,1,4 - 1
23.08.2019 22:00,Aston Villa - Everton,23.08.2019 - 27.08.2019,1,2 - 0
24.08.2019 19:30,Liverpool - Arsenal,23.08.2019 - 27.08.2019,1,3 - 1
23.08.2019 21:30,Köln - B.Dortmund,23.08.2019 - 27.08.2019,2,1 - 3
24.08.2019 19:30,Schalke 04 - B.Münih,23.08.2019 - 27.08.2019,2,0 - 3
25.08.2019 21:45,Sampdoria - Lazio,23.08.2019 - 27.08.2019,2,0 - 3
24.08.2019 20:00,R.Madrid - R.Valladolid,23.08.2019 - 27.08.2019,0,1 - 1
16.09.2019 20:00,ALANYASPOR-FENERBAHÇE A.Ş.,13.09.2019 - 16.09.2019,1,3:1
06.09.2019 19:00,ESTONYA-BELARUS,06.09.2019 - 09.09.2019,2,1 - 2
01.09.2019 21:45,FENERBAHÇE A.Ş.-TRABZONSPOR A.Ş.,30.08.2019 - 02.09.2019,0,1 - 1
16.08.2019 20:30,Denizlispor - Galatasaray ,16.08.2019 - 20.08.2019,1,2 - 0
10.08.2019 23:00,Sao Paulo - Santos,10.08.2019 - 13.08.2019,1,3 - 2
04.08.2019 01:00,Fluminense - Internacional,03.08.2019 - 06.08.2019,1,2 - 1
15.09.2019 20:00,TRABZONSPOR A.Ş.-GENÇLERBİRLİĞİ,13.09.2019 - 16.09.2019,0,2:2
14.09.2019 20:00,GAZİŞEHİR GAZİANTEP-BEŞİKTAŞ A.Ş.,13.09.2019 - 16.09.2019,1,3:2
13.09.2019 20:30,GALATASARAY A.Ş.-KASIMPAŞA A.Ş.,13.09.2019 - 16.09.2019,1,1:0
14.09.2019 20:00,ANTALYASPOR A.Ş.-KAYSERİSPOR,13.09.2019 - 16.09.2019,0,2:2
14.09.2019 17:00,M.BAŞAKŞEHİR-SİVASSPOR,13.09.2019 - 16.09.2019,0,1:1
15.09.2019 20:00,DENİZLİSPOR-KONYASPOR,13.09.2019 - 16.09.2019,2,0:1
15.09.2019 17:00,MKE ANKARAGÜCÜ-Y.MALATYASPOR,13.09.2019 - 16.09.2019,2,0:4
15.09.2019 17:00,Ç.RİZESPOR-GÖZTEPE A.Ş.,13.09.2019 - 16.09.2019,0,0:0
14.09.2019 14:00,REAL MADRİD-LEVANTE,13.09.2019 - 16.09.2019,1,3:2
14.09.2019 16:30,B.DORTMUND-B.LEVERKUSEN,13.09.2019 - 16.09.2019,1,4:0
14.09.2019 17:00,MANCHESTER UTD-LEİCESTER CİTY,13.09.2019 - 16.09.2019,1,1:0
14.09.2019 19:30,R.SOCİEDAD-ATLETİCO MADRİD,13.09.2019 - 16.09.2019,1,2:0
14.09.2019 22:00,BARCELONA-VALENCİA,13.09.2019 - 16.09.2019,1,5:2
15.09.2019 22:00,MONACO-MARSİLYA,13.09.2019 - 16.09.2019,2,3:4
06.09.2019 21:45,SAN MARİNO-BELÇİKA,06.09.2019 - 09.09.2019,2,0 - 4
06.09.2019 21:45,ALMANYA-HOLLANDA,06.09.2019 - 09.09.2019,2,2 - 4
06.09.2019 21:45,GALLER-AZERBAYCAN,06.09.2019 - 09.09.2019,1,2 - 1
06.09.2019 21:45,SLOVAKYA-HIRVATİSTAN,06.09.2019 - 09.09.2019,2,0 - 4
06.09.2019 21:45,AVUSTURYA-LETONYA,06.09.2019 - 09.09.2019,1,6 - 0
06.09.2019 21:45,SLOVENYA-POLONYA,06.09.2019 - 09.09.2019,1,2 - 0
06.09.2019 21:45,İSKOÇYA-RUSYA,06.09.2019 - 09.09.2019,2,1 - 2
07.09.2019 16:00,KOSOVA-ÇEK CUMHURİYETİ,06.09.2019 - 09.09.2019,1,2 - 1
07.09.2019 16:00,LİTVANYA-UKRAYNA,06.09.2019 - 09.09.2019,2,0 - 3
07.09.2019 19:00,İZLANDA-MOLDOVA,06.09.2019 - 09.09.2019,1,3 - 0
07.09.2019 21:45,FRANSA-ARNAVUTLUK,06.09.2019 - 09.09.2019,1,4 - 1
07.09.2019 21:45,TÜRKİYE-ANDORRA,06.09.2019 - 09.09.2019,1,1 - 0
07.09.2019 21:45,SIRBISTAN-PORTEKİZ,06.09.2019 - 09.09.2019,2,2 - 4
08.09.2019 21:45,İSVEÇ-NORVEÇ,06.09.2019 - 09.09.2019,0,1 - 1
30.08.2019 20:30,KAYSERİSPOR-GALATASARAY A.Ş.,30.08.2019 - 02.09.2019,2,2 - 3
31.08.2019 21:45,BEŞİKTAŞ A.Ş.-Ç. RİZESPOR A.Ş.,30.08.2019 - 02.09.2019,0,1 - 1
01.09.2019 19:15,GENÇLERBİRLİĞİ-M. BAŞAKŞEHİR,30.08.2019 - 02.09.2019,2,1 - 2
30.08.2019 20:30,KASIMPAŞA A.Ş.-MKE ANKARAGÜCÜ,30.08.2019 - 02.09.2019,2,0 - 1
31.08.2019 19:15,KONYASPOR-ANTALYASPOR A.Ş.,30.08.2019 - 02.09.2019,0,2 - 2
31.08.2019 21:45,GÖZTEPE A.Ş-DENİZLİSPOR,30.08.2019 - 02.09.2019,0,0 - 0
01.09.2019 19:15,SİVASSPOR-GAZİŞEHİR GAZİANTEP,30.08.2019 - 02.09.2019,0,1 - 1
01.09.2019 21:45,Y. MALATYASPOR-ALANYASPOR,30.08.2019 - 02.09.2019,2,2 - 3
31.08.2019 14:30,SOUTHAMPTON-MANCHESTER UNITED,30.08.2019 - 02.09.2019,0,1 - 1
01.09.2019 18:30,ARSENAL-TOTTENHAM,30.08.2019 - 02.09.2019,0,2 - 2
31.08.2019 18:30,JUVENTUS-NAPOLI,30.08.2019 - 02.09.2019,1,4 - 3
01.09.2019 19:00,LAZIO-ROMA,30.08.2019 - 02.09.2019,0,1 - 1
01.09.2019 22:00,VİLLARREAL-REAL MADRID,30.08.2019 - 02.09.2019,0,2 - 2
31.08.2019 16:30,SCHALKE 04-HERTHA BERLIN,30.08.2019 - 02.09.2019,1,3 - 0
17.08.2019 21:45,Sivasspor - Beşiktaş ,16.08.2019 - 20.08.2019,1,3 - 0
19.08.2019 20:00,Fenerbahçe - G.Gaziantep,16.08.2019 - 20.08.2019,1,5 - 0
18.08.2019 21:45,Kasımpaşa  - Trabzonspor ,16.08.2019 - 20.08.2019,0,1 - 1
18.08.2019 21:45,Y.Malatyaspor - İst.Başakşehir,16.08.2019 - 20.08.2019,1,3 - 0
17.08.2019 19:15,Gençlerbirliği - Rizespor ,16.08.2019 - 20.08.2019,2,0 - 1
17.08.2019 21:45,Kayserispor - Alanyaspor,16.08.2019 - 20.08.2019,2,0 - 1
18.08.2019 19:15,Konyaspor - Ankaragücü,16.08.2019 - 20.08.2019,0,0 - 0
18.08.2019 21:45,Göztepe - Antalyaspor ,16.08.2019 - 20.08.2019,2,0 - 1
17.08.2019 19:30,Manchester City - Tottenham,16.08.2019 - 20.08.2019,0,2 - 2
18.08.2019 18:30,Chelsea - Leicester City,16.08.2019 - 20.08.2019,0,1 - 1
17.08.2019 19:30,M'gladbach - Schalke 04,16.08.2019 - 20.08.2019,0,0 - 0
18.08.2019 16:30,E.Frankfurt - Hoffenheim,16.08.2019 - 20.08.2019,1,1 - 0
17.08.2019 18:00,Celta Vigo - Real Madrid,16.08.2019 - 20.08.2019,2,1 - 3
18.08.2019 20:00,Espanyol - Sevilla,16.08.2019 - 20.08.2019,2,0 - 2
11.08.2019 17:00,Internacional - Corinthians,10.08.2019 - 13.08.2019,0,0 - 0
11.08.2019 22:00,Botafogo - Atletico Pr,10.08.2019 - 13.08.2019,1,2 - 1
10.08.2019 14:30,West Ham Utd - Man. City,10.08.2019 - 13.08.2019,2,0 - 5
10.08.2019 17:00,Crystal Palace - Everton,10.08.2019 - 13.08.2019,0,0 - 0
10.08.2019 19:30,Tottenham - Aston Villa,10.08.2019 - 13.08.2019,1,3 - 1
11.08.2019 16:00,Leicester City - Wolverhampton,10.08.2019 - 13.08.2019,0,0 - 0
11.08.2019 16:00,Newcastle Utd - Arsenal,10.08.2019 - 13.08.2019,2,0 - 1
11.08.2019 18:30,Manchester Utd - Chelsea,10.08.2019 - 13.08.2019,1,4 - 0
10.08.2019 21:00,Angers - Bordeaux,10.08.2019 - 13.08.2019,1,3 - 1
10.08.2019 21:00,Dijon - St Etienne,10.08.2019 - 13.08.2019,2,1 - 2
10.08.2019 19:30,Groningen - Twente,10.08.2019 - 13.08.2019,2,1 - 3
11.08.2019 15:30,Waalwijk - Az Alkmaar,10.08.2019 - 13.08.2019,2,0 - 2
11.08.2019 15:30,Heerenveen - Feyenoord,10.08.2019 - 13.08.2019,0,1 - 1
10.08.2019 19:00,Dinamo Moskova - Zenit,10.08.2019 - 13.08.2019,2,0 - 2
04.08.2019 17:00,Santos - Goias,03.08.2019 - 06.08.2019,1,6 - 1
04.08.2019 22:00,Bahia - Flamengo,03.08.2019 - 06.08.2019,1,3 - 0
05.08.2019 01:00,Corinthians - Palmeiras,03.08.2019 - 06.08.2019,0,1 - 1
03.08.2019 19:00,Odds Bk - Lillestrom,03.08.2019 - 06.08.2019,1,2 - 1
04.08.2019 19:00,Viking - Molde,03.08.2019 - 06.08.2019,2,0 - 2
04.08.2019 21:00,Valerenga - Kristiansund,03.08.2019 - 06.08.2019,0,1 - 1
03.08.2019 14:00,Ural - Rostov,03.08.2019 - 06.08.2019,0,2 - 2
03.08.2019 16:30,K. Sovietov - Lokomotiv Moskova,03.08.2019 - 06.08.2019,2,1 - 2
03.08.2019 19:00,Spartak Moskova - D. Moskova,03.08.2019 - 06.08.2019,0,0 - 0
03.08.2019 21:30,Zenit - Krasnodar,03.08.2019 - 06.08.2019,0,1 - 1
04.08.2019 19:00,Rubin Kazan - Cska Moskova,03.08.2019 - 06.08.2019,2,0 - 1
04.08.2019 00:00,Atlanta Utd - Los Angeles,03.08.2019 - 06.08.2019,1,3 - 0
04.08.2019 01:00,New York - Toronto,03.08.2019 - 06.08.2019,1,2 - 0
04.08.2019 05:00,Salt Lake - New York City,03.08.2019 - 06.08.2019,1,3 - 1
05.07.2019 22:00,Cork City - Bohemian,05.07.2019 - 09.07.2019,0,0 - 0
22.06.2019 17:30,Demokratik Kongo Cumh. - Uganda,22.06.2019 - 25.06.2019,2,0 - 2
30.06.2019 22:00,Uganda - Mısır,29.06.2019 - 02.07.2019,2,0 - 2
14.07.2019 01:00,Bahia - Santos,13.07.2019 - 16.07.2019,2,0 - 1
20.07.2019 17:00,Vasco Da Gama - Fluminense,20.07.2019 - 23.07.2019,1,2 - 1
05.07.2019 21:45,Derry City - Dundalk,05.07.2019 - 09.07.2019,0,2 - 2
05.07.2019 21:45,Waterford - St Patricks,05.07.2019 - 09.07.2019,2,1 - 2
05.07.2019 20:00,Odds Bk - Molde,05.07.2019 - 09.07.2019,0,2 - 2
05.07.2019 20:00,Tromso - Sarpsborg,05.07.2019 - 09.07.2019,1,2 - 0
05.07.2019 20:00,Valerenga - Bodo Glimt,05.07.2019 - 09.07.2019,1,6 - 0
05.07.2019 22:00,Viking - Haugesund,05.07.2019 - 09.07.2019,0,0 - 0
06.07.2019 16:00,Sirius - Ostersunds,05.07.2019 - 09.07.2019,0,1 - 1
06.07.2019 16:00,Kalmar - Aik Stockholm,05.07.2019 - 09.07.2019,2,0 - 1
07.07.2019 16:00,Norrkoping - Hacken,05.07.2019 - 09.07.2019,1,2 - 1
07.07.2019 02:30,Montreal - Minnesota Utd,05.07.2019 - 09.07.2019,2,2 - 3
07.07.2019 03:30,Kansas - Chicago,05.07.2019 - 09.07.2019,1,1 - 0
07.07.2019 05:30,Los Angeles Fc - Vancouver,05.07.2019 - 09.07.2019,1,6 - 1
07.07.2019 05:30,San Jose - Salt Lake,05.07.2019 - 09.07.2019,1,1 - 0
07.07.2019 21:00,Atlanta Utd - New York,05.07.2019 - 09.07.2019,0,3 - 3
22.06.2019 20:00,Nijerya - Burundi,22.06.2019 - 25.06.2019,1,1 - 0
22.06.2019 23:00,Gine - Madagaskar,22.06.2019 - 25.06.2019,0,2 - 2
22.06.2019 02:00,El Salvador - Jamaika,22.06.2019 - 25.06.2019,0,0 - 0
22.06.2019 04:00,Honduras - Kurasao,22.06.2019 - 25.06.2019,2,0 - 1
22.06.2019 22:00,Bolivya - Venezuela,22.06.2019 - 25.06.2019,2,1 - 3
22.06.2019 22:00,Peru - Brezilya,22.06.2019 - 25.06.2019,2,0 - 5
22.06.2019 02:00,Ekvador - Şili,22.06.2019 - 25.06.2019,2,1 - 2
23.06.2019 20:00,Senegal - Tanzanya,22.06.2019 - 25.06.2019,1,2 - 0
23.06.2019 23:00,Cezayir - Kenya,22.06.2019 - 25.06.2019,1,2 - 0
23.06.2019 17:30,Fas - Namibya,22.06.2019 - 25.06.2019,1,1 - 0
23.06.2019 00:30,Guyana - Panama,22.06.2019 - 25.06.2019,2,2 - 4
23.06.2019 02:30,ABD - Trinidad Tobago,22.06.2019 - 25.06.2019,1,6 - 0
23.06.2019 22:00,Kolombiya - Paraguay,22.06.2019 - 25.06.2019,1,1 - 0
23.06.2019 22:00,Katar - Arjantin,22.06.2019 - 25.06.2019,2,0 - 2
30.06.2019 22:00,Zimbabve - Demokratik Kongo Cumh.,29.06.2019 - 02.07.2019,2,0 - 4
30.06.2019 19:00,Burundi - Gine,29.06.2019 - 02.07.2019,2,0 - 2
30.06.2019 19:00,Madagaskar - Nijerya,29.06.2019 - 02.07.2019,1,2 - 0
29.06.2019 19:00,Rosenborg - Kristiansund,29.06.2019 - 02.07.2019,1,1 - 0
30.06.2019 19:00,Haugesund - Valerenga,29.06.2019 - 02.07.2019,2,1 - 4
30.06.2019 19:00,Lillestrom - Tromso,29.06.2019 - 02.07.2019,1,4 - 0
30.06.2019 21:00,Molde - Brann,29.06.2019 - 02.07.2019,0,1 - 1
29.06.2019 17:00,Ostersunds - Göteborg,29.06.2019 - 02.07.2019,0,0 - 0
29.06.2019 19:00,Falkenberg - Elfsborg,29.06.2019 - 02.07.2019,1,2 - 1
30.06.2019 16:00,Aik Stockholm - Malmö,29.06.2019 - 02.07.2019,0,0 - 0
30.06.2019 18:30,Norrkoping - Sirius,29.06.2019 - 02.07.2019,2,0 - 1
30.06.2019 01:00,Atlanta Utd - Montreal,29.06.2019 - 02.07.2019,1,2 - 1
30.06.2019 02:00,New York City - Philadelphia,29.06.2019 - 02.07.2019,1,4 - 2
30.06.2019 03:00,DC United - Toronto,29.06.2019 - 02.07.2019,0,1 - 1
14.07.2019 01:00,Sao Paulo - Palmeiras,13.07.2019 - 16.07.2019,0,1 - 1
14.07.2019 17:00,Flamengo - Goias,13.07.2019 - 16.07.2019,1,6 - 1
14.07.2019 15:00,Horsens - Nordsjaelland,13.07.2019 - 16.07.2019,2,0 - 3
14.07.2019 17:00,Odense - Fc Kopenhag,13.07.2019 - 16.07.2019,2,2 - 3
14.07.2019 19:00,Brondby - Silkeborg,13.07.2019 - 16.07.2019,1,3 - 0
13.07.2019 16:30,Rosenborg - Viking,13.07.2019 - 16.07.2019,1,5 - 1
14.07.2019 19:00,Haugesund - Tromso,13.07.2019 - 16.07.2019,1,5 - 1
14.07.2019 19:00,Mjondalen - Odds Bk,13.07.2019 - 16.07.2019,1,2 - 0
13.07.2019 19:00,Spartak Moskova - Pfc Sochi,13.07.2019 - 16.07.2019,1,1 - 0
14.07.2019 16:30,Krylya Samara - Cska Moskova,13.07.2019 - 16.07.2019,1,2 - 0
14.07.2019 19:00,Zenit St Petersburg - Tambov,13.07.2019 - 16.07.2019,1,2 - 1
13.07.2019 04:00,Houston - Los Angeles Fc,13.07.2019 - 16.07.2019,2,1 - 3
14.07.2019 02:30,Montreal - Toronto,13.07.2019 - 16.07.2019,2,0 - 2
14.07.2019 05:00,Salt Lake - Philadelphia,13.07.2019 - 16.07.2019,1,4 - 0
21.07.2019 01:00,Ceara - Palmeiras,20.07.2019 - 23.07.2019,1,2 - 0
21.07.2019 01:00,Internacional - Gremio,20.07.2019 - 23.07.2019,0,1 - 1
21.07.2019 17:00,Botafogo - Santos,20.07.2019 - 23.07.2019,2,0 - 1
21.07.2019 22:00,Corinthians - Flamengo,20.07.2019 - 23.07.2019,0,1 - 1
20.07.2019 19:00,Cska Moskova - Orenburg,20.07.2019 - 23.07.2019,1,2 - 1
20.07.2019 21:30,Rostov - Spartak Moskova,20.07.2019 - 23.07.2019,0,2 - 2
21.07.2019 19:00,Dinamo Moskova - Rubin Kazan,20.07.2019 - 23.07.2019,2,0 - 1
21.07.2019 21:30,Pfc Sochi - Zenit,20.07.2019 - 23.07.2019,2,0 - 2
20.07.2019 17:00,Aik Stockholm - Helsingborg,20.07.2019 - 23.07.2019,1,2 - 0
20.07.2019 19:00,Sundsvall - Hacken,20.07.2019 - 23.07.2019,2,0 - 1
21.07.2019 02:30,Columbus - Montreal,20.07.2019 - 23.07.2019,1,2 - 1
21.07.2019 02:30,Toronto - Houston,20.07.2019 - 23.07.2019,2,1 - 3
21.07.2019 23:00,Atlanta Utd - Dc United,20.07.2019 - 23.07.2019,1,2 - 0
22.07.2019 02:30,Orlando City - New York Red Bulls,20.07.2019 - 23.07.2019,2,0 - 1
24.05.2019 21:00,Sivasspor - Galatasaray,24.05.2019 - 28.05.2019,1,4 - 3
02.06.2019 18:30,Honka - KPV,31.05.2019 - 04.06.2019,2,0 - 1
07.06.2019 21:45,Çek Cumhuriyeti - Bulgaristan,07.06.2019 - 11.06.2019,1,2 - 1
24.05.2019 21:00,Beşiktaş - Kasımpaşa,24.05.2019 - 28.05.2019,1,3 - 2
26.05.2019 19:00,Fenerbahçe - Antalyaspor,24.05.2019 - 28.05.2019,1,3 - 1
24.05.2019 21:00,Rizespor - Trabzonspor,24.05.2019 - 28.05.2019,2,2 - 3
24.05.2019 18:00,İ.Başakşehir - Alanyaspor,24.05.2019 - 28.05.2019,0,1 - 1
25.05.2019 19:00,Konyaspor - Akhisarspor,24.05.2019 - 28.05.2019,0,0 - 0
26.05.2019 19:00,Göztepe - Ankaragücü,24.05.2019 - 28.05.2019,1,2 - 1
26.05.2019 19:00,Kayserispor - Bşb.Erzurumspor,24.05.2019 - 28.05.2019,2,0 - 2
26.05.2019 19:00,Y.Malatyaspor - Bursaspor,24.05.2019 - 28.05.2019,2,1 - 2
26.05.2019 21:30,Fiorentina - Genoa,24.05.2019 - 28.05.2019,0,0 - 0
26.05.2019 21:30,Roma - Parma,24.05.2019 - 28.05.2019,1,2 - 1
26.05.2019 16:00,Torino - Lazio,24.05.2019 - 28.05.2019,1,3 - 1
26.05.2019 21:30,Inter - Empoli,24.05.2019 - 28.05.2019,1,2 - 1
26.05.2019 21:30,Spal 2013 - Milan,24.05.2019 - 28.05.2019,2,2 - 3
26.05.2019 19:00,Sampdoria - Juventus,24.05.2019 - 28.05.2019,1,2 - 0
02.06.2019 18:30,Mariehamn - Lahti,31.05.2019 - 04.06.2019,2,0 - 1
02.06.2019 18:30,Kuopion - Seinajoen JK,31.05.2019 - 04.06.2019,2,0 - 1
31.05.2019 21:45,Dundalk - Sligo Rovers,31.05.2019 - 04.06.2019,1,4 - 0
31.05.2019 21:45,St Patricks - Cork City,31.05.2019 - 04.06.2019,0,1 - 1
31.05.2019 21:45,Waterford - Shamrock Rovers,31.05.2019 - 04.06.2019,2,Noter
01.06.2019 17:00,Göteborg - Orebro,31.05.2019 - 04.06.2019,2,0 - 1
01.06.2019 17:00,Sirius - Djurgarden,31.05.2019 - 04.06.2019,2,0 - 2
02.06.2019 16:00,AIK Stockholm - Hammarby,31.05.2019 - 04.06.2019,1,2 - 0
02.06.2019 16:00,Elfsborg - Hacken,31.05.2019 - 04.06.2019,0,0 - 0
02.06.2019 18:30,Helsingborg - Malmö,31.05.2019 - 04.06.2019,2,0 - 1
01.06.2019 05:00,Vancouver - Toronto,31.05.2019 - 04.06.2019,0,1 - 1
02.06.2019 01:00,Atlanta Utd - Chicago,31.05.2019 - 04.06.2019,1,2 - 0
02.06.2019 02:00,New York - Salt Lake,31.05.2019 - 04.06.2019,1,4 - 0
02.06.2019 02:30,Columbus - New York City,31.05.2019 - 04.06.2019,0,2 - 2
07.06.2019 21:45,Karadağ - Kosova,07.06.2019 - 11.06.2019,0,1 - 1
07.06.2019 21:45,Ukrayna - Sırbistan,07.06.2019 - 11.06.2019,1,5 - 0
07.06.2019 21:45,Danimarka - İrlanda Cumhuriyeti,07.06.2019 - 11.06.2019,0,1 - 1
07.06.2019 21:45,Norveç - Romanya,07.06.2019 - 11.06.2019,0,2 - 2
07.06.2019 21:45,Avusturya - Slovenya,07.06.2019 - 11.06.2019,1,1 - 0
07.06.2019 21:45,Makedonya - Polonya,07.06.2019 - 11.06.2019,2,0 - 1
08.06.2019 19:00,Estonya - Kuzey İrlanda,07.06.2019 - 11.06.2019,2,1 - 2
08.06.2019 21:45,Belarus - Almanya,07.06.2019 - 11.06.2019,2,0 - 2
08.06.2019 16:00,Hırvatistan - Galler,07.06.2019 - 11.06.2019,1,2 - 1
08.06.2019 19:00,Azerbaycan - Macaristan,07.06.2019 - 11.06.2019,2,1 - 3
08.06.2019 16:00,İzlanda - Arnavutluk,07.06.2019 - 11.06.2019,1,1 - 0
08.06.2019 21:45,Türkiye - Fransa,07.06.2019 - 11.06.2019,1,2 - 0
08.06.2019 19:00,Finlandiya - Bosna Hersek,07.06.2019 - 11.06.2019,1,2 - 0
08.06.2019 21:45,Yunanistan - İtalya,07.06.2019 - 11.06.2019,2,0 - 3
19.05.2019 19:00,Galatasaray - İ.Başakşehir,17.05.2019 - 21.05.2019,1,2 - 1
14.06.2019 01:15,Vasco Da Gama - Ceara,14.06.2019 - 18.06.2019,1,1 - 0
11.05.2019 16:00,Rizespor - Galatasaray,10.05.2019 - 14.05.2019,2,2 - 3
27.07.2019 19:00,Cercle Brugge - Standard Liege,26.07.2019 - 30.07.2019,2,0 - 2
05.05.2019 19:00,Galatasaray - Beşiktaş,03.05.2019 - 07.05.2019,1,2 - 0
18.05.2019 19:00,Trabzonspor - Beşiktaş,17.05.2019 - 21.05.2019,1,2 - 1
20.05.2019 20:00,Bşb.Erzurumspor - Fenerbahçe,17.05.2019 - 21.05.2019,2,0 - 1
17.05.2019 20:30,Kasımpaşa - Konyaspor,17.05.2019 - 21.05.2019,0,1 - 1
18.05.2019 19:00,Antalyaspor - Y.Malatyaspor,17.05.2019 - 21.05.2019,1,3 - 0
19.05.2019 16:00,Akhisarspor - Kayserispor,17.05.2019 - 21.05.2019,0,2 - 2
19.05.2019 16:00,Bursaspor - Göztepe,17.05.2019 - 21.05.2019,0,0 - 0
19.05.2019 19:00,Alanyaspor - Rizespor,17.05.2019 - 21.05.2019,0,1 - 1
20.05.2019 20:00,Ankaragücü - Sivasspor,17.05.2019 - 21.05.2019,1,3 - 1
18.05.2019 16:30,M'Gladbach - B.Dortmund,17.05.2019 - 21.05.2019,2,0 - 2
18.05.2019 16:30,B.Münih - E.Frankfurt,17.05.2019 - 21.05.2019,1,5 - 1
18.05.2019 21:30,Sassuolo - Roma,17.05.2019 - 21.05.2019,0,0 - 0
19.05.2019 21:30,Napoli - Inter,17.05.2019 - 21.05.2019,1,4 - 1
18.05.2019 17:15,R.Valladolid - Valencia,17.05.2019 - 21.05.2019,2,0 - 2
18.05.2019 14:00,Levante - Atl.Madrid,17.05.2019 - 21.05.2019,0,2 - 2
14.06.2019 02:00,Atletico Mg - Sao Paulo,14.06.2019 - 18.06.2019,0,1 - 1
14.06.2019 02:00,Chapecoense - Fluminense,14.06.2019 - 18.06.2019,0,1 - 1
14.06.2019 02:00,Goias - Paranaense,14.06.2019 - 18.06.2019,1,2 - 1
14.06.2019 02:00,Palmeiras - Avai,14.06.2019 - 18.06.2019,1,2 - 0
15.06.2019 03:30,Brezilya - Bolivya,14.06.2019 - 18.06.2019,1,3 - 0
15.06.2019 22:00,Venezuela - Peru,14.06.2019 - 18.06.2019,0,0 - 0
16.06.2019 01:00,Arjantin - Kolombiya,14.06.2019 - 18.06.2019,2,0 - 2
16.06.2019 22:00,Paraguay - Katar,14.06.2019 - 18.06.2019,0,2 - 2
15.06.2019 19:00,Haugesund - Brann,14.06.2019 - 18.06.2019,0,1 - 1
16.06.2019 19:00,Lillestrom - Viking,14.06.2019 - 18.06.2019,2,0 - 2
16.06.2019 19:00,Mjondalen - Kristiansund,14.06.2019 - 18.06.2019,0,1 - 1
16.06.2019 19:00,Molde - Ranheim,14.06.2019 - 18.06.2019,1,2 - 0
16.06.2019 19:00,Sarpsborg - Odds Bk,14.06.2019 - 18.06.2019,1,2 - 0
16.06.2019 21:00,Rosenborg - Valerenga,14.06.2019 - 18.06.2019,1,3 - 0
13.05.2019 20:00,Beşiktaş - Alanyaspor,10.05.2019 - 14.05.2019,1,2 - 1
11.05.2019 19:00,Fenerbahçe - Akhisarspor,10.05.2019 - 14.05.2019,1,2 - 1
12.05.2019 16:00,Konyaspor - Trabzonspor,10.05.2019 - 14.05.2019,0,2 - 2
12.05.2019 19:00,İ.Başakşehir - Ankaragücü,10.05.2019 - 14.05.2019,1,2 - 1
10.05.2019 20:30,Antalyaspor - Bursaspor,10.05.2019 - 14.05.2019,2,0 - 1
11.05.2019 19:00,Göztepe - Sivasspor,10.05.2019 - 14.05.2019,0,3 - 3
12.05.2019 16:00,Kayserispor - Kasımpaşa,10.05.2019 - 14.05.2019,1,2 - 1
12.05.2019 19:00,Y.Malatyaspor - Bşb.Erzurumspor,10.05.2019 - 14.05.2019,1,3 - 1
12.05.2019 17:00,Leicester City - Chelsea,10.05.2019 - 14.05.2019,0,0 - 0
12.05.2019 17:00,Tottenham - Everton,10.05.2019 - 14.05.2019,0,2 - 2
11.05.2019 16:30,RB Leipzig - B.Münih,10.05.2019 - 14.05.2019,0,0 - 0
12.05.2019 21:30,Roma - Juventus,10.05.2019 - 14.05.2019,1,2 - 0
12.05.2019 19:30,Atl.Madrid - Sevilla,10.05.2019 - 14.05.2019,0,1 - 1
12.05.2019 19:30,R.Sociedad - Real Madrid,10.05.2019 - 14.05.2019,1,3 - 1
27.07.2019 21:00,Zulte Waregem - Mechelen,26.07.2019 - 30.07.2019,2,0 - 2
28.07.2019 19:00,Royal Charleroi - Gent,26.07.2019 - 30.07.2019,0,1 - 1
28.07.2019 01:00,Cruzeiro - Atletico PR,26.07.2019 - 30.07.2019,2,0 - 2
28.07.2019 01:00,Fluminense - Sao Paulo,26.07.2019 - 30.07.2019,2,1 - 2
28.07.2019 22:00,Flamengo - Botafogo,26.07.2019 - 30.07.2019,1,3 - 2
26.07.2019 20:00,Dinamo Moskova - Ural,26.07.2019 - 30.07.2019,1,2 - 0
27.07.2019 16:30,Tambov - Spartak Moskova,26.07.2019 - 30.07.2019,1,2 - 0
28.07.2019 19:00,CSKA Moskova - Lok. Moskova,26.07.2019 - 30.07.2019,1,1 - 0
28.07.2019 16:00,Djurgarden - Hacken,26.07.2019 - 30.07.2019,1,2 - 0
28.07.2019 16:00,Ostersunds - Malmö,26.07.2019 - 30.07.2019,0,0 - 0
28.07.2019 18:30,Göteborg - Norrkoping,26.07.2019 - 30.07.2019,0,0 - 0
28.07.2019 02:00,New England - Orlando City,26.07.2019 - 30.07.2019,1,4 - 1
28.07.2019 03:00,Dallas - Real Salt Lake,26.07.2019 - 30.07.2019,0,0 - 0
28.07.2019 03:00,Montreal - Philadelphia,26.07.2019 - 30.07.2019,1,4 - 0
04.05.2019 19:00,Kasımpaşa - Fenerbahçe,03.05.2019 - 07.05.2019,2,1 - 3
06.05.2019 20:00,Trabzonspor - Kayserispor,03.05.2019 - 07.05.2019,1,4 - 2
03.05.2019 20:30,Sivasspor - İ.Başakşehir,03.05.2019 - 07.05.2019,0,0 - 0
04.05.2019 16:00,Ankaragücü - Rizespor,03.05.2019 - 07.05.2019,0,2 - 2
05.05.2019 16:00,Akhisarspor - Y.Malatyaspor,03.05.2019 - 07.05.2019,2,0 - 2
05.05.2019 16:00,Göztepe - Antalyaspor,03.05.2019 - 07.05.2019,1,4 - 1
06.05.2019 20:00,Alanyaspor - Konyaspor,03.05.2019 - 07.05.2019,2,2 - 4
04.05.2019 16:00,Bşb.Erzurumspor - Bursaspor,03.05.2019 - 07.05.2019,1,2 - 0
05.05.2019 16:00,Chelsea - Watford,03.05.2019 - 07.05.2019,1,3 - 0
04.05.2019 21:45,Newcastle Utd - Liverpool,03.05.2019 - 07.05.2019,2,2 - 3
04.05.2019 19:30,W.Bremen - B.Dortmund,03.05.2019 - 07.05.2019,0,2 - 2
04.05.2019 16:30,M'Gladbach - Hoffenheim,03.05.2019 - 07.05.2019,0,2 - 2
03.05.2019 21:45,Strasbourg - Marsilya,03.05.2019 - 07.05.2019,0,1 - 1
05.05.2019 16:00,Lazio - Atalanta,03.05.2019 - 07.05.2019,2,1 - 3
27.04.2019 19:00,Fenerbahçe - Trabzonspor,26.04.2019 - 30.04.2019,0,1 - 1
20.04.2019 19:00,Galatasaray - Kayserispor,19.04.2019 - 23.04.2019,1,3 - 1
14.04.2019 19:00,Fenerbahçe - Galatasaray,12.04.2019 - 16.04.2019,0,1 - 1
06.04.2019 19:00,Galatasaray - Y.Malatyaspor,05.04.2019 - 09.04.2019,1,3 - 0
28.04.2019 19:00,Beşiktaş - Ankaragücü,26.04.2019 - 30.04.2019,1,4 - 1
29.04.2019 20:00,Konyaspor - Galatasaray,26.04.2019 - 30.04.2019,0,0 - 0
26.04.2019 20:30,İ.Başakşehir - Göztepe,26.04.2019 - 30.04.2019,2,0 - 2
29.04.2019 20:00,Y.Malatyaspor - Kasımpaşa,26.04.2019 - 30.04.2019,1,2 - 1
28.04.2019 16:00,Kayserispor - Alanyaspor,26.04.2019 - 30.04.2019,0,1 - 1
28.04.2019 16:00,Bursaspor - Akhisarspor,26.04.2019 - 30.04.2019,0,0 - 0
27.04.2019 16:00,Rizespor - Sivasspor,26.04.2019 - 30.04.2019,0,0 - 0
27.04.2019 16:00,Antalyaspor - Bşb.Erzurumspor,26.04.2019 - 30.04.2019,0,1 - 1
28.04.2019 18:30,Manchester Utd - Chelsea,26.04.2019 - 30.04.2019,0,1 - 1
27.04.2019 16:30,F.Dusseldorf - W.Bremen,26.04.2019 - 30.04.2019,1,4 - 1
27.04.2019 21:30,Inter - Juventus,26.04.2019 - 30.04.2019,0,1 - 1
28.04.2019 21:30,Torino - Milan,26.04.2019 - 30.04.2019,1,2 - 0
27.04.2019 21:45,Barcelona - Levante,26.04.2019 - 30.04.2019,1,1 - 0
28.04.2019 17:15,R.Sociedad - Getafe,26.04.2019 - 30.04.2019,1,2 - 1
22.04.2019 20:00,Sivasspor - Beşiktaş,19.04.2019 - 23.04.2019,2,1 - 2
21.04.2019 19:00,Alanyaspor - Fenerbahçe,19.04.2019 - 23.04.2019,1,1 - 0
20.04.2019 16:00,Trabzonspor - Malatyaspor,19.04.2019 - 23.04.2019,1,2 - 1
21.04.2019 16:00,İ.Başakşehir - Ç.Rizespor,19.04.2019 - 23.04.2019,0,1 - 1
19.04.2019 20:30,Kasımpaşa - Bursaspor,19.04.2019 - 23.04.2019,0,1 - 1
20.04.2019 16:00,Akhisarspor - Antalyaspor,19.04.2019 - 23.04.2019,2,1 - 2
20.04.2019 19:00,Göztepe - BŞB Erzurumspor,19.04.2019 - 23.04.2019,2,0 - 1
21.04.2019 13:30,Ankaragücü - Konyaspor,19.04.2019 - 23.04.2019,0,0 - 0
20.04.2019 14:30,Manchester City - Tottenham,19.04.2019 - 23.04.2019,1,1 - 0
21.04.2019 15:30,Everton - Manchester Utd,19.04.2019 - 23.04.2019,1,4 - 0
20.04.2019 21:30,Inter - Roma,19.04.2019 - 23.04.2019,0,1 - 1
21.04.2019 17:15,Real Madrid - Athletic Bilbao,19.04.2019 - 23.04.2019,1,3 - 0
20.04.2019 21:45,Barcelona - R.Sociedad,19.04.2019 - 23.04.2019,1,2 - 1
20.04.2019 16:30,B.Münih - Werder Bremen,19.04.2019 - 23.04.2019,1,1 - 0
13.04.2019 19:00,Beşiktaş - İst.Başakşehir,12.04.2019 - 16.04.2019,1,2 - 1
12.04.2019 20:30,Bursaspor - Trabzonspor,12.04.2019 - 16.04.2019,2,0 - 1
14.04.2019 16:00,Y.Malatyaspor - Alanyaspor,12.04.2019 - 16.04.2019,0,1 - 1
14.04.2019 16:00,Antalyaspor - Kasımpaşa,12.04.2019 - 16.04.2019,1,1 - 0
14.04.2019 13:30,Kayserispor - Ankaragücü,12.04.2019 - 16.04.2019,2,0 - 2
13.04.2019 16:00,Rizespor - Göztepe,12.04.2019 - 16.04.2019,1,1 - 0
13.04.2019 16:00,Konyaspor - Sivasspor,12.04.2019 - 16.04.2019,0,1 - 1
15.04.2019 20:00,Bşb.Erzurumspor - Akhisarspor,12.04.2019 - 16.04.2019,1,2 - 1
14.04.2019 18:30,Liverpool - Chelsea,12.04.2019 - 16.04.2019,1,2 - 0
13.04.2019 21:30,Milan - Lazio,12.04.2019 - 16.04.2019,1,1 - 0
14.04.2019 16:00,Sampdoria - Genoa,12.04.2019 - 16.04.2019,1,2 - 0
13.04.2019 21:45,Sevilla - Real Betis,12.04.2019 - 16.04.2019,1,3 - 2
13.04.2019 16:30,W.Bremen - Freiburg,12.04.2019 - 16.04.2019,1,2 - 1
14.04.2019 22:00,Lille - Paris St Germain,12.04.2019 - 16.04.2019,1,5 - 1
08.04.2019 20:00,Ç.Rizespor - Beşiktaş,05.04.2019 - 09.04.2019,2,2 - 7
07.04.2019 16:00,Ankaragücü - Fenerbahçe,05.04.2019 - 09.04.2019,0,1 - 1
05.04.2019 20:30,Trabzonspor - Antalyaspor,05.04.2019 - 09.04.2019,1,4 - 1
07.04.2019 19:00,İ.Başakşehir - Konyaspor,05.04.2019 - 09.04.2019,1,2 - 0
06.04.2019 16:00,Alanyaspor - Bursaspor,05.04.2019 - 09.04.2019,1,1 - 0
06.04.2019 16:00,Sivasspor - Kayserispor,05.04.2019 - 09.04.2019,2,1 - 3
07.04.2019 16:00,Göztepe - Akhisarspor,05.04.2019 - 09.04.2019,2,0 - 1
07.04.2019 13:30,Kasımpaşa - BŞB Erzurumspor,05.04.2019 - 09.04.2019,1,2 - 1
07.04.2019 16:05,Everton - Arsenal,05.04.2019 - 09.04.2019,1,1 - 0
06.04.2019 16:30,Leverkusen - Leipzig,05.04.2019 - 09.04.2019,2,2 - 4
06.04.2019 19:30,B.Münih - B.Dortmund,05.04.2019 - 09.04.2019,1,5 - 0
06.04.2019 19:00,Juventus - Milan,05.04.2019 - 09.04.2019,1,2 - 1
06.04.2019 21:30,Sampdoria - Roma,05.04.2019 - 09.04.2019,2,0 - 1
30.03.2019 18:00,Leicester City - Bournemouth,29.03.2019 - 02.04.2019,1,2 - 0
06.04.2019 21:45,Barcelona - Atl.Madrid,05.04.2019 - 09.04.2019,1,2 - 0
22.03.2019 22:45,Arnavutluk - Türkiye,22.03.2019 - 26.03.2019,2,0 - 2
30.03.2019 18:00,Man. Utd - Watford,29.03.2019 - 02.04.2019,1,2 - 1
30.03.2019 20:30,West Ham Utd - Everton,29.03.2019 - 02.04.2019,2,0 - 2
31.03.2019 16:05,Cardiff City - Chelsea,29.03.2019 - 02.04.2019,2,1 - 2
31.03.2019 18:30,Liverpool - Tottenham,29.03.2019 - 02.04.2019,1,2 - 1
29.03.2019 22:30,Hoffenheim - B.Leverkusen,29.03.2019 - 02.04.2019,1,4 - 1
30.03.2019 17:30,F.Dusseldorf - M'Gladbach,29.03.2019 - 02.04.2019,1,3 - 1
30.03.2019 22:30,Sampdoria - Milan,29.03.2019 - 02.04.2019,1,1 - 0
31.03.2019 16:00,Fiorentina - Torino,29.03.2019 - 02.04.2019,0,1 - 1
31.03.2019 16:00,Roma - Napoli,29.03.2019 - 02.04.2019,2,1 - 4
31.03.2019 21:30,Inter - Lazio,29.03.2019 - 02.04.2019,2,0 - 1
30.03.2019 20:30,Celta Vigo - Villarreal,29.03.2019 - 02.04.2019,1,3 - 2
30.03.2019 22:45,Alaves - Atl. Madrid,29.03.2019 - 02.04.2019,2,0 - 4
31.03.2019 17:15,Sevilla - Valencia,29.03.2019 - 02.04.2019,2,0 - 1
31.03.2019 19:30,R.Valladolid - R.Sociedad,29.03.2019 - 02.04.2019,0,1 - 1
22.03.2019 22:45,İngiltere - Çek Cumh.,22.03.2019 - 26.03.2019,1,5 - 0
22.03.2019 22:45,Portekiz - Ukrayna,22.03.2019 - 26.03.2019,0,0 - 0
23.03.2019 20:00,İsveç - Romanya,22.03.2019 - 26.03.2019,1,2 - 1
23.03.2019 22:45,İspanya - Norveç,22.03.2019 - 26.03.2019,1,2 - 1
24.03.2019 22:45,Hollanda - Almanya,22.03.2019 - 26.03.2019,2,2 - 3
24.03.2019 17:00,Galler - Slovakya,22.03.2019 - 26.03.2019,1,1 - 0
24.03.2019 20:00,Macaristan - Hırvatistan,22.03.2019 - 26.03.2019,1,2 - 1
24.03.2019 22:45,Slovenya - Makedonya,22.03.2019 - 26.03.2019,0,1 - 1
24.03.2019 17:00,Kazakistan - Rusya,22.03.2019 - 26.03.2019,2,0 - 4
25.03.2019 20:00,Türkiye - Moldova,22.03.2019 - 26.03.2019,1,4 - 0
25.03.2019 22:45,Kosova - Bulgaristan,22.03.2019 - 26.03.2019,0,1 - 1
25.03.2019 22:45,Karadağ - İngiltere,22.03.2019 - 26.03.2019,2,1 - 5
25.03.2019 22:45,Lüksemburg - Ukrayna,22.03.2019 - 26.03.2019,2,1 - 2
25.03.2019 22:45,Portekiz - Sırbistan,22.03.2019 - 26.03.2019,0,1 - 1
16.03.2019 19:00,Beşiktaş - Göztepe,15.03.2019 - 19.03.2019,1,1 - 0
15.03.2019 20:30,Fenerbahçe - Sivasspor,15.03.2019 - 19.03.2019,1,2 - 1
17.03.2019 19:00,Bursaspor - Galatasaray,15.03.2019 - 19.03.2019,2,2 - 3
16.03.2019 16:00,Erzurumspor - Trabzonspor,15.03.2019 - 19.03.2019,2,0 - 1
17.03.2019 16:00,Kayserispor - İst.Başakşehir,15.03.2019 - 19.03.2019,0,1 - 1
16.03.2019 13:30,Konyaspor - Rizespor,15.03.2019 - 19.03.2019,2,0 - 2
16.03.2019 16:00,Akhisarspor - Kasımpaşa,15.03.2019 - 19.03.2019,2,2 - 3
17.03.2019 13:30,Y.Malatyaspor - Ankaragücü,15.03.2019 - 19.03.2019,1,3 - 1
16.03.2019 19:00,Antalyaspor - Alanyaspor,15.03.2019 - 19.03.2019,1,3 - 0
17.03.2019 19:30,Everton - Chelsea,15.03.2019 - 19.03.2019,1,2 - 0
16.03.2019 17:30,Schalke 04 - RB Leipzig,15.03.2019 - 19.03.2019,2,0 - 1
16.03.2019 20:30,Hertha Berlin - B.Dortmund,15.03.2019 - 19.03.2019,2,2 - 3
17.03.2019 22:30,Milan - Inter,15.03.2019 - 19.03.2019,2,2 - 3
17.03.2019 20:30,Valencia - Getafe,15.03.2019 - 19.03.2019,0,0 - 0
17.03.2019 22:45,Real Betis - Barcelona,15.03.2019 - 19.03.2019,2,1 - 4
11.03.2019 20:00,Galatasaray - Antalyaspor,08.03.2019 - 12.03.2019,1,5 - 0
09.03.2019 19:00,İst.Başakşehir - Fenerbahçe,08.03.2019 - 12.03.2019,1,2 - 1
10.03.2019 19:00,Beşiktaş - Konyaspor,08.03.2019 - 12.03.2019,1,3 - 2
09.03.2019 16:00,Trabzonspor - Akhisarspor,08.03.2019 - 12.03.2019,1,2 - 1
10.03.2019 13:30,Alanyaspor - Erzurumspor,08.03.2019 - 12.03.2019,1,2 - 1
10.03.2019 16:00,Rizespor - Kayserispor,08.03.2019 - 12.03.2019,1,3 - 0
10.03.2019 16:00,Göztepe - Kasımpaşa,08.03.2019 - 12.03.2019,0,0 - 0
09.03.2019 19:00,Ankaragücü - Bursaspor,08.03.2019 - 12.03.2019,0,0 - 0
08.03.2019 20:30,Sivasspor - Malatyaspor,08.03.2019 - 12.03.2019,1,2 - 0
09.03.2019 18:00,Newcastle Unt. - Everton,08.03.2019 - 12.03.2019,1,3 - 2
10.03.2019 19:30,Arsenal - Manchester Unt.,08.03.2019 - 12.03.2019,1,2 - 0
09.03.2019 20:30,Mainz - M'Gladbach,08.03.2019 - 12.03.2019,2,0 - 1
10.03.2019 17:00,Sampdoria - Atalanta,08.03.2019 - 12.03.2019,2,1 - 2
10.03.2019 22:30,Fiorentina - Lazio,08.03.2019 - 12.03.2019,0,1 - 1
10.03.2019 20:30,Sevilla - R.Sociedad,08.03.2019 - 12.03.2019,1,5 - 2
03.03.2019 19:00,Erzurumspor - Galatasaray,01.03.2019 - 05.03.2019,0,1 - 1
25.02.2019 21:00,Beşiktaş - Fenerbahçe,22.02.2019 - 26.02.2019,0,3 - 3
02.03.2019 16:00,Kayserispor - Beşiktaş,01.03.2019 - 05.03.2019,0,2 - 2
02.03.2019 19:00,Fenerbahçe - Rizespor,01.03.2019 - 05.03.2019,1,3 - 2
04.03.2019 20:00,Kasımpaşa - Trabzonspor,01.03.2019 - 05.03.2019,0,2 - 2
03.03.2019 16:00,Y.Malatyaspor - İst.Başakşehir,01.03.2019 - 05.03.2019,2,0 - 2
01.03.2019 20:30,Antalyaspor - Ankaragücü,01.03.2019 - 05.03.2019,2,2 - 4
02.03.2019 16:00,Bursaspor - Sivasspor,01.03.2019 - 05.03.2019,1,3 - 2
03.03.2019 13:30,Konyaspor - Göztepe,01.03.2019 - 05.03.2019,0,1 - 1
04.03.2019 20:00,Akhisarspor - Alanyaspor,01.03.2019 - 05.03.2019,1,3 - 1
02.03.2019 15:30,Tottenham - Arsenal,01.03.2019 - 05.03.2019,0,1 - 1
02.03.2019 20:30,M'Gladbach - B.Münih,01.03.2019 - 05.03.2019,2,1 - 5
02.03.2019 22:30,Lazio - Roma,01.03.2019 - 05.03.2019,1,3 - 0
03.03.2019 22:30,Napoli - Juventus,01.03.2019 - 05.03.2019,2,1 - 2
02.03.2019 22:45,Real Madrid - Barcelona,01.03.2019 - 05.03.2019,2,0 - 1
03.03.2019 20:30,R.Sociedad - Atletico Madrid,01.03.2019 - 05.03.2019,2,0 - 2
24.02.2019 19:00,Galatasaray - Akhisarspor,22.02.2019 - 26.02.2019,1,1 - 0
22.02.2019 20:30,Göztepe - Trabzonspor,22.02.2019 - 26.02.2019,2,1 - 3
24.02.2019 19:00,İst.Başakşehir - Bursaspor,22.02.2019 - 26.02.2019,1,3 - 0
23.02.2019 16:00,Alanyaspor - Kasımpaşa,22.02.2019 - 26.02.2019,1,3 - 0
24.02.2019 16:00,Konyaspor - Kayserispor,22.02.2019 - 26.02.2019,2,0 - 1
22.02.2019 20:30,Rizespor - Y.Malatyaspor,22.02.2019 - 26.02.2019,1,3 - 0
24.02.2019 13:30,Ankaragücü - Erzurumspor,22.02.2019 - 26.02.2019,1,2 - 1
23.02.2019 13:30,Sivasspor - Antalyaspor,22.02.2019 - 26.02.2019,2,1 - 2
24.02.2019 17:05,Manchester Utd - Liverpool,22.02.2019 - 26.02.2019,0,0 - 0
24.02.2019 20:00,B.Dortmund - B.Leverkusen,22.02.2019 - 26.02.2019,1,3 - 2
25.02.2019 22:30,RB Leipzig - Hoffenheim,22.02.2019 - 26.02.2019,0,1 - 1
23.02.2019 17:00,Torino - Atalanta,22.02.2019 - 26.02.2019,1,2 - 0
23.02.2019 18:15,Sevilla - Barcelona,22.02.2019 - 26.02.2019,2,2 - 4
24.02.2019 22:45,Levante - Real Madrid,22.02.2019 - 26.02.2019,2,1 - 2
16.02.2019 19:00,Fenerbahçe - Konyaspor,15.02.2019 - 19.02.2019,0,1 - 1
17.02.2019 19:00,Kasımpaşa - Galatasaray,15.02.2019 - 19.02.2019,2,1 - 4
15.02.2019 20:30,Y.Malatyaspor - Beşiktaş,15.02.2019 - 19.02.2019,2,1 - 2
17.02.2019 16:00,Trabzonspor - Alanyaspor,15.02.2019 - 19.02.2019,2,0 - 2
18.02.2019 20:00,Antalyaspor - İ.Başakşehir,15.02.2019 - 19.02.2019,2,0 - 1
16.02.2019 13:30,Akhisarspor - Ankaragücü,15.02.2019 - 19.02.2019,0,0 - 0
16.02.2019 16:00,Bursaspor - Rizespor,15.02.2019 - 19.02.2019,2,0 - 2
17.02.2019 13:30,Erzurumspor - Sivasspor,15.02.2019 - 19.02.2019,1,4 - 2
17.02.2019 16:00,Kayserispor - Göztepe,15.02.2019 - 19.02.2019,1,2 - 1
16.02.2019 20:30,H.Berlin - W.Bremen,15.02.2019 - 19.02.2019,0,1 - 1
17.02.2019 17:30,E.Frankfurt - M'Gladbach,15.02.2019 - 19.02.2019,0,1 - 1
16.02.2019 22:30,Atalanta - Milan,15.02.2019 - 19.02.2019,2,1 - 3
17.02.2019 17:00,Genoa - Lazio,15.02.2019 - 19.02.2019,1,2 - 1
16.02.2019 18:15,R.Vallecano - Atl.Madrid,15.02.2019 - 19.02.2019,2,0 - 1
17.02.2019 22:45,R.Betis - Alaves,15.02.2019 - 19.02.2019,0,1 - 1
10.02.2019 19:00,Galatasaray - Trabzonspor,08.02.2019 - 12.02.2019,1,3 - 1
02.02.2019 19:00,Alanyaspor - Galatasaray,01.02.2019 - 05.02.2019,0,1 - 1
09.02.2019 19:00,Beşiktaş - Bursaspor,08.02.2019 - 12.02.2019,1,2 - 0
08.02.2019 20:30,Kayserispor - Fenerbahçe,08.02.2019 - 12.02.2019,1,1 - 0
09.02.2019 16:00,İ.Başakşehir - Bşb Erzurumspor,08.02.2019 - 12.02.2019,0,1 - 1
10.02.2019 13:30,Konyaspor - Y.Malatyaspor,08.02.2019 - 12.02.2019,0,1 - 1
09.02.2019 16:00,Rizespor - Antalyaspor,08.02.2019 - 12.02.2019,0,1 - 1
10.02.2019 16:00,Göztepe - Alanyaspor,08.02.2019 - 12.02.2019,1,3 - 2
11.02.2019 20:00,Ankaragücü - Kasımpaşa,08.02.2019 - 12.02.2019,1,3 - 0
11.02.2019 20:00,Sivasspor - Akhisarspor,08.02.2019 - 12.02.2019,1,2 - 1
10.02.2019 16:30,Tottenham - Leicester City,08.02.2019 - 12.02.2019,1,3 - 1
10.02.2019 19:00,Manchester City - Chelsea,08.02.2019 - 12.02.2019,1,6 - 0
09.02.2019 17:30,B.Dortmund - Hoffenheim,08.02.2019 - 12.02.2019,0,3 - 3
09.02.2019 17:30,Rb Leipzig - E.Frankfurt,08.02.2019 - 12.02.2019,0,0 - 0
09.02.2019 20:00,Fiorentina - Napoli,08.02.2019 - 12.02.2019,0,0 - 0
09.02.2019 18:15,Atl.Madrid - Real Madrid,08.02.2019 - 12.02.2019,2,1 - 3
03.02.2019 19:00,Antalyaspor - Beşiktaş,01.02.2019 - 05.02.2019,2,2 - 6
01.02.2019 20:30,Fenerbahçe - Göztepe,01.02.2019 - 05.02.2019,1,2 - 0
02.02.2019 16:00,Trabzonspor - Ankaragücü,01.02.2019 - 05.02.2019,1,1 - 0
03.02.2019 16:00,Akhisarspor - İ.Başakşehir,01.02.2019 - 05.02.2019,2,0 - 3
02.02.2019 13:30,Y.Malatyaspor - Kayserispor,01.02.2019 - 05.02.2019,0,1 - 1
02.02.2019 16:00,Kasımpaşa - Sivasspor,01.02.2019 - 05.02.2019,2,1 - 3
03.02.2019 13:30,Bşb.Erzurumspor - Rizespor,01.02.2019 - 05.02.2019,2,0 - 1
04.02.2019 20:00,Bursaspor - Konyaspor,01.02.2019 - 05.02.2019,0,0 - 0
03.02.2019 17:05,Leicester City - Man.Utd,01.02.2019 - 05.02.2019,2,0 - 1
03.02.2019 19:30,Man.City - Arsenal,01.02.2019 - 05.02.2019,1,3 - 1
02.02.2019 17:30,B.Leverkusen - B.Münih,01.02.2019 - 05.02.2019,1,3 - 1
02.02.2019 17:30,E.Frankfurt - B.Dortmund,01.02.2019 - 05.02.2019,0,1 - 1
03.02.2019 22:30,Roma - Milan,01.02.2019 - 05.02.2019,0,1 - 1
03.02.2019 18:15,Real Betis - Atl.Madrid,01.02.2019 - 05.02.2019,1,1 - 0
25.01.2019 20:30,Beşiktaş - Bşb.Erzurumspor,25.01.2019 - 29.01.2019,0,1 - 1
19.01.2019 19:00,Galatasaray - Ankaragücü,18.01.2019 - 22.01.2019,1,6 - 0
28.01.2019 20:00,Fenerbahçe - Y.Malatyaspor,25.01.2019 - 29.01.2019,1,3 - 2
26.01.2019 19:00,Göztepe - Galatasaray,25.01.2019 - 29.01.2019,2,0 - 1
27.01.2019 19:00,Sivasspor - Trabzonspor,25.01.2019 - 29.01.2019,0,1 - 1
28.01.2019 20:00,İ.Başakşehir - Kasımpaşa,25.01.2019 - 29.01.2019,1,2 - 0
27.01.2019 13:30,Rizespor - Akhisarspor,25.01.2019 - 29.01.2019,1,3 - 1
26.01.2019 16:00,Kayserispor - Bursaspor,25.01.2019 - 29.01.2019,0,1 - 1
27.01.2019 16:00,Konyaspor - Antalyaspor,25.01.2019 - 29.01.2019,1,2 - 0
28.01.2019 20:00,Ankaragücü - Alanyaspor,25.01.2019 - 29.01.2019,2,0 - 2
26.01.2019 17:30,Freiburg - Hoffenheim,25.01.2019 - 29.01.2019,2,2 - 4
26.01.2019 17:30,Wolfsburg - B.Leverkusen,25.01.2019 - 29.01.2019,2,0 - 3
27.01.2019 20:00,Torino - Inter,25.01.2019 - 29.01.2019,1,1 - 0
27.01.2019 22:30,Lazio - Juventus,25.01.2019 - 29.01.2019,2,1 - 2
27.01.2019 18:15,Girona - Barcelona,25.01.2019 - 29.01.2019,2,0 - 2
27.01.2019 22:45,Espanyol - Real Madrid,25.01.2019 - 29.01.2019,2,2 - 4
18.01.2019 20:30,Akhisarspor - Beşiktaş,18.01.2019 - 22.01.2019,2,1 - 3
21.01.2019 20:00,Bursaspor - Fenerbahçe,18.01.2019 - 22.01.2019,0,1 - 1
20.01.2019 19:00,Trabzonspor - İst.Başakşehir,18.01.2019 - 22.01.2019,2,2 - 4
20.01.2019 16:00,Alanyaspor - Sivasspor,18.01.2019 - 22.01.2019,1,2 - 0
19.01.2019 16:00,Antalyaspor - Kayserispor,18.01.2019 - 22.01.2019,0,0 - 0
19.01.2019 13:30,Bşb.Erzurumspor - Konyaspor,18.01.2019 - 22.01.2019,2,1 - 2
21.01.2019 20:00,Kasımpaşa - Rizespor,18.01.2019 - 22.01.2019,2,0 - 1
19.01.2019 13:30,Y.Malatyaspor - Göztepe,18.01.2019 - 22.01.2019,1,3 - 2
19.01.2019 15:30,Wolverhampton - Leicester City,18.01.2019 - 22.01.2019,1,4 - 3
19.01.2019 20:30,Arsenal - Chelsea,18.01.2019 - 22.01.2019,1,2 - 0
18.01.2019 22:30,Hoffenheim - B.Münih,18.01.2019 - 22.01.2019,2,1 - 3
19.01.2019 20:30,Rb Leipzig - B.Dortmund,18.01.2019 - 22.01.2019,2,0 - 1
20.01.2019 22:30,Napoli - Lazio,18.01.2019 - 22.01.2019,1,2 - 1
19.01.2019 18:15,Real Madrid - Sevilla,18.01.2019 - 22.01.2019,1,2 - 0
12.01.2019 15:30,West Ham United - Arsenal,12.01.2019 - 15.01.2019,1,1 - 0
12.01.2019 18:00,Brighton - Liverpool,12.01.2019 - 15.01.2019,2,0 - 1
12.01.2019 18:00,Burnley - Fulham,12.01.2019 - 15.01.2019,1,2 - 1
12.01.2019 18:00,Crystal Palace - Watford,12.01.2019 - 15.01.2019,2,1 - 2
12.01.2019 18:00,Leicester City - Southampton,12.01.2019 - 15.01.2019,2,1 - 2
12.01.2019 20:30,Chelsea - Newcastle Utd,12.01.2019 - 15.01.2019,1,2 - 1
13.01.2019 17:15,Everton - Bournemouth,12.01.2019 - 15.01.2019,1,2 - 0
13.01.2019 19:30,Tottenham - Man. United,12.01.2019 - 15.01.2019,2,0 - 1
12.01.2019 18:15,Valencia - Real Valladolid,12.01.2019 - 15.01.2019,0,1 - 1
12.01.2019 20:30,Girona - Alaves,12.01.2019 - 15.01.2019,0,1 - 1
12.01.2019 22:45,Villarreal - Getafe,12.01.2019 - 15.01.2019,2,1 - 2
13.01.2019 14:00,Atletico Madrid - Levante,12.01.2019 - 15.01.2019,1,1 - 0
13.01.2019 18:15,Athletic Bilbao - Sevilla,12.01.2019 - 15.01.2019,1,2 - 0
13.01.2019 20:30,Barcelona - Eibar,12.01.2019 - 15.01.2019,1,3 - 0
13.01.2019 22:45,Real Betis - Real Madrid,12.01.2019 - 15.01.2019,2,1 - 2
04.01.2019 21:00,Levante - Girona,04.01.2019 - 08.01.2019,0,2 - 2
04.01.2019 23:00,Espanyol - Leganes,04.01.2019 - 08.01.2019,1,1 - 0
05.01.2019 15:00,R.Valladolid - R.Vallecano,04.01.2019 - 08.01.2019,2,0 - 1
05.01.2019 18:15,Alaves - Valencia,04.01.2019 - 08.01.2019,1,2 - 1
05.01.2019 22:45,Huesca - Real Betis,04.01.2019 - 08.01.2019,1,2 - 1
06.01.2019 14:00,Eibar - Villarreal,04.01.2019 - 08.01.2019,0,0 - 0
06.01.2019 18:15,Sevilla - Atl.Madrid,04.01.2019 - 08.01.2019,0,1 - 1
06.01.2019 20:30,Real Madrid - R.Sociedad,04.01.2019 - 08.01.2019,2,0 - 2
06.01.2019 22:45,Getafe - Barcelona,04.01.2019 - 08.01.2019,2,1 - 2
05.01.2019 23:30,Maritimo - Portimonense,04.01.2019 - 08.01.2019,1,2 - 1
06.01.2019 18:00,Feirense - Santa Clara,04.01.2019 - 08.01.2019,0,2 - 2
06.01.2019 18:00,Belenenses - Guimaraes,04.01.2019 - 08.01.2019,1,1 - 0
06.01.2019 18:00,Setubal - Chaves,04.01.2019 - 08.01.2019,0,0 - 0
06.01.2019 20:30,Benfica - Rio Ave,04.01.2019 - 08.01.2019,1,4 - 2
06.01.2019 23:00,Braga - Boavista,04.01.2019 - 08.01.2019,1,1 - 0
29.12.2018 20:30,Liverpool - Arsenal,29.12.2018 - 01.01.2019,1,5 - 1
30.12.2018 17:15,Southampton - Manchester City,29.12.2018 - 01.01.2019,2,1 - 3
29.12.2018 18:00,Tottenham - Wolverhampton,29.12.2018 - 01.01.2019,2,1 - 3
30.12.2018 15:00,Crystal Palace - Chelsea,29.12.2018 - 01.01.2019,2,0 - 1
30.12.2018 19:30,Manchester Utd. - Bournemouth,29.12.2018 - 01.01.2019,1,4 - 1
29.12.2018 18:00,Brighton - Everton,29.12.2018 - 01.01.2019,1,1 - 0
29.12.2018 18:00,Fulham - Huddersfield,29.12.2018 - 01.01.2019,1,1 - 0
29.12.2018 18:00,Leicester City - Cardiff,29.12.2018 - 01.01.2019,2,0 - 1
29.12.2018 18:00,Watford - Newcastle Utd,29.12.2018 - 01.01.2019,0,1 - 1
30.12.2018 17:15,Burnley - West Ham,29.12.2018 - 01.01.2019,1,2 - 0
29.12.2018 17:00,Empoli - Inter,29.12.2018 - 01.01.2019,2,0 - 1
29.12.2018 17:00,Genoa - Fiorentina,29.12.2018 - 01.01.2019,0,0 - 0
29.12.2018 17:00,Parma - Roma,29.12.2018 - 01.01.2019,2,0 - 2
29.12.2018 17:00,Lazio - Torino,29.12.2018 - 01.01.2019,0,1 - 1
29.12.2018 17:00,Sassuolo - Atalanta,29.12.2018 - 01.01.2019,2,2 - 6
23.12.2018 19:00,Galatasaray - Sivasspor,21.12.2018 - 25.12.2018,1,4 - 2
22.12.2018 19:00,Kasımpaşa - Beşiktaş,21.12.2018 - 25.12.2018,1,4 - 1
24.12.2018 20:00,Antalyaspor - Fenerbahçe,21.12.2018 - 25.12.2018,0,0 - 0
23.12.2018 16:00,Trabzonspor - Ç.Rizespor,21.12.2018 - 25.12.2018,1,4 - 1
22.12.2018 16:00,A.Alanyaspor - İ.Başakşehir,21.12.2018 - 25.12.2018,0,1 - 1
23.12.2018 13:30,Erzurumspor - Kayserispor,21.12.2018 - 25.12.2018,0,1 - 1
23.12.2018 16:00,Bursaspor - Y.Malatyaspor,21.12.2018 - 25.12.2018,0,1 - 1
24.12.2018 20:00,Akhisarspor - Konyaspor,21.12.2018 - 25.12.2018,0,0 - 0
22.12.2018 13:30,Ankaragücü - Göztepe,21.12.2018 - 25.12.2018,2,0 - 3
22.12.2018 18:00,Chelsea - Leicester City,21.12.2018 - 25.12.2018,2,0 - 1
23.12.2018 19:00,Everton - Tottenham,21.12.2018 - 25.12.2018,2,2 - 6
21.12.2018 22:30,B.Dortmund - M'Gladbach,21.12.2018 - 25.12.2018,1,2 - 1
22.12.2018 20:30,E.Frankfurt - B.Münih,21.12.2018 - 25.12.2018,2,0 - 3
22.12.2018 22:30,Juventus - Roma,21.12.2018 - 25.12.2018,1,1 - 0
22.12.2018 18:15,Atl.Madrid - Espanyol,21.12.2018 - 25.12.2018,1,1 - 0
16.12.2018 19:00,Beşiktaş - Trabzonspor,14.12.2018 - 18.12.2018,0,2 - 2
15.12.2018 19:00,İ.Başakşehir - Galatasaray,14.12.2018 - 18.12.2018,0,1 - 1
17.12.2018 20:00,Fenerbahçe - Erzurumspor,14.12.2018 - 18.12.2018,0,2 - 2
14.12.2018 20:30,Göztepe - Bursaspor,14.12.2018 - 18.12.2018,0,0 - 0
15.12.2018 13:30,Rizespor - Alanyaspor,14.12.2018 - 18.12.2018,0,1 - 1
15.12.2018 13:30,Sivasspor - Ankaragücü,14.12.2018 - 18.12.2018,1,4 - 0
15.12.2018 16:00,Konyaspor - Kasımpaşa,14.12.2018 - 18.12.2018,1,3 - 2
16.12.2018 13:30,Y.Malatyaspor - Antalyaspor,14.12.2018 - 18.12.2018,1,2 - 0
16.12.2018 16:00,Kayserispor - Akhisarspor,14.12.2018 - 18.12.2018,1,1 - 0
15.12.2018 15:30,Man.City - Everton,14.12.2018 - 18.12.2018,1,3 - 1
16.12.2018 19:00,Liverpool - Man.Utd,14.12.2018 - 18.12.2018,1,3 - 1
15.12.2018 17:30,Hoffenheim - Gladbach,14.12.2018 - 18.12.2018,0,0 - 0
15.12.2018 20:30,B.Dortmund - Werder Bremen,14.12.2018 - 18.12.2018,1,2 - 1
15.12.2018 22:30,Torino - Juventus,14.12.2018 - 18.12.2018,2,0 - 1
16.12.2018 22:45,Levante - Barcelona,14.12.2018 - 18.12.2018,2,0 - 5
